{
  "beta_nn": 32,
  "beta_fc": 4,
  "mem_size": 50000,
  "val_size": 1000,
  "val_standard_acc": 93.90000104904175,
  "accuracy": {
    "standard": {
      "clean": 95.99999785423279,
      "k1": 70.99999785423279,
      "k3": 40.99999964237213,
      "k5": 31.999999284744263
    },
    "hopfield-nn": {
      "clean": 95.99999785423279,
      "k1": 72.00000286102295,
      "k3": 44.999998807907104,
      "k5": 36.000001430511475
    },
    "hopfield-fc": {
      "clean": 95.99999785423279,
      "k1": 72.00000286102295,
      "k3": 43.00000071525574,
      "k5": 34.99999940395355
    }
  },
  "columns": [
    "clean",
    "k1",
    "k3",
    "k5"
  ]
}